[Header],,,,,,,,
IEMFileVersion,4,,,,,,,
Date,4/19/2021,,,,,,,
Workflow,GenerateFASTQ,,,,,,,
Application,SCOTT,,,,,,,
Assay,,,,,,,,
Description,,,,,,,,
Chemistry,Default,,,,,,,
,,,,,,,,
[Reads],,,,,,,,
51,,,,,,,,
51,,,,,,,,
,,,,,,,,
[Settings],,,,,,,,
Adapter,,,,,,,,
,,,,,,,,
[Data],,,,,,,,
Lane,Sample_ID,Sample_Name,Sample_Plate,Sample_Well,I7_Index_ID,index,Sample_Project,Description
1,Sample_U0a_IGO_12878_1,U0a,Human,RNASeq_PolyA,NA12878,GATTACA,Project_12878_NA,Giab_NA12878
1,Sample_idtU0a_IGO_12878_1,idtU0a,Human,IDT_Exome_v2_FP_Viral_Probes,NA12878,GATTACA,Project_12878_NA,Giab_NA12878
3,Sample_SRR8816463_IGO_16463_1,SRR8816463,Human,HumanWholeGenome,ENA,GATTACA,Project_16463,Ena_SRR8816463
